source_season_year,source_playerid,source_name,position,canonical_playerid,notes
2022,013e366e-8e42-4d2c-891d-ae31010ea701,Tomasi Alosio,Outside Back,,
2022,01af254e-e212-437a-ae09-ae31010ea8d1,Mike McKee,Lock,,
2022,02dacb28-e165-4325-8728-ae3100fb1ebd,Noah Lolesio,Fly Half,,
2022,03aa5b35-42e5-423c-b8cd-ae31010d6265,James Arscott,Half Back,,
2022,044e2910-f882-45b8-bc9e-ae31010e95bc,Napolioni Bolaca,Outside Back,,
2022,049866b4-2d1f-43ad-9a40-ae31010d380a,Manaaki Selby-Rickit,Lock,,
2022,05afb2fb-f83c-431e-a2ab-ae3101019e24,Wes Goosen,Outside Back,,
2022,05c10399-2ea3-439f-ada8-ae4400b076ac,Sam Wallis,Loose Forward,,
2022,05ef4fce-95b1-4cb6-8b5f-ae31010e76ae,Tim Anstee,Loose Forward,,
2022,078c0ec9-2861-4bc9-9c6b-ae31010e9ca4,Rusiate Nasove,Loose Forward,,
2022,07b83aea-52a4-44b4-84f1-ae31010eb3a3,Don Lolo,Lock,,
2022,08e2a0d7-9154-40ef-8407-ae4400b07f63,Selestino Ravutaumada,Outside Back,,
2022,094bfb5c-24da-4cf3-a614-ae310101ed97,Sitaleki Timani,Lock,,
2022,0999e350-040e-4531-9210-ae31010d58ba,Lolagi Visinia,Outside Back,,
2022,0c163e16-ff3e-4963-81d5-ae31010d3f59,Rameka Poihipi,Midfielder,,
2022,0ecbd088-1289-41ee-8a43-ae310102004e,Hugh Sinclair,Loose Forward,,
2022,0f2d5416-1907-4ebc-a365-ae310101b715,Alex Nankivell,Midfielder,,
2022,0f592bb8-b2d5-45ec-9254-ae310101f8c3,James Lentjes,Loose Forward,,
2022,169580b3-2088-4f89-906a-ae31010d70dc,Jesse Mogg,Outside Back,,
2022,16d27d5f-deed-4a76-b09a-ae31010d998b,Rahboni Warren-Vosayaco,Loose Forward,,
2022,1a4bf5bd-eec6-4dc4-8652-ae310101b8d7,Sio Tomkinson,Midfielder,,
2022,1c668af4-702b-4b18-a578-ae31010d8720,Samuel Fischli,Loose Forward,,
2022,1d166d68-2b01-46d8-8968-ae6e007a9da8,Mahroni Ngakuru,Lock,,
2022,1de4e0ed-7735-4f86-ada7-ae310101e9a7,Josh Dickson,Lock,,
2022,1f11296a-0df2-4b7c-8b69-ae31010e94f3,Peni Matawalu,Half Back,,
2022,1f4896c6-4017-43af-9dc8-ae3101018708,Anton Lienert-Brown,Midfielder,,
2022,1f649b87-3f82-4ee6-ad9c-ae31010e6ee6,Kyle Godwin,Midfielder,,
2022,21c903cc-dba4-4ba8-a7c4-ae75008ea90b,William Sankey,Lock,,
2022,21f5d246-d173-46a0-8548-ae31010d2dc9,Thomas Umaga-Jensen,Midfielder,,
2022,21fa1030-d0e1-4b47-ba81-ae31010e8bbd,Viliame Rarasea,Lock,,
2022,234f1de0-08d6-4dbc-bed7-ae310101ef55,Rob Leota,Lock,,
2022,23d70797-46b2-4bb3-b678-ae3100fb19e2,Richie Mo'unga,Fly Half,,
2022,25bcace8-e454-46bf-8e43-ae310101fa06,Sam Caird,Lock,,
2022,274d4081-7608-4fc2-8fc3-ae31010d42f4,Tom Hooper,Lock,,
2022,2892d227-e940-4340-b872-ae310101a9a9,Shaun Stevenson,Outside Back,,
2022,28fbfedb-25fc-4f20-93fd-ae31010d44ee,Brad Wilkin,Loose Forward,,
2022,2951e34b-943f-4a38-859f-ae31010d6d79,Cameron Suafoa,Loose Forward,,
2022,2ab6ff53-c951-4019-83dc-ae4400b08188,Kitione Ratu,Outside Back,,
2022,2af58bb5-f7c6-4e33-a620-ae31010d88f9,Max Hicks,Lock,,
2022,2b9878fa-510a-4703-87cd-ae310101cbfe,Bryn Gatland,Fly Half,,
2022,2ce6da14-cc7a-4077-9374-ae4400b071e9,Geoff Cridge,Lock,,
2022,2d481a8a-1629-4569-bd43-ae31010d9705,Jed Holloway,Lock,,
2022,2d9e47fc-9c94-4be0-8816-ae310101b0df,Izaia Perese,Midfielder,,
2022,2dbc158b-bdd7-4546-9a28-ae31010d8615,Mosese Dawai,Outside Back,,
2022,2df907d3-4f26-436a-81f6-ae520093fe3d,Logan Henry,Half Back,,
2022,2e018dc5-3ca4-4785-9b36-ae31010eacae,Samuel Slade,Loose Forward,,
2022,2ea1b347-20fa-4e30-bb7d-ae31010d9ca8,Mosese Tuipulotu,Midfielder,,
2022,30f80c36-a56d-455c-8a66-ae600089fccc,Hamilton Burr,Loose Forward,,
2022,3168d264-906a-4043-bf5b-ae31010ea1ee,Leone Nawai,Half Back,,
2022,31a62b93-d424-4274-a3b8-ae31010e74e3,Izack Rodda,Lock,,
2022,31b0cb7f-e0d2-4455-a2c9-ae31010d53e4,Kayne Hammington,Half Back,,
2022,31b143d0-73de-4256-bf18-ae4400b067c0,Vereniki Tikoisolomone,Outside Back,,
2022,32056b2b-8ee4-47c4-b180-ae310101a53a,Shannon Frizell,Loose Forward,,
2022,32d71f2e-f58a-41f4-9f05-ae31010d6b7a,Tamati Tua,Midfielder,,
2022,33141d19-33ae-4280-97eb-ae5900e3fff5,Connor Vest,Lock,,
2022,334fc4b4-6c78-4d42-bc20-ae31010d98b4,Ned Hanigan,Lock,,
2022,34cf87ac-438a-4cbe-a4b4-ae31010eaba7,Neria Fomai,Outside Back,,
2022,35dd4915-3d07-42f4-8dfc-ae9f0069940b,Rory van Vugt,Outside Back,,
2022,37093b3d-d451-4c8a-877d-ae310101fe87,Scott Scrafton,Lock,,
2022,38504b18-6e21-4188-b6cd-ae31010d9e82,Langi Gleeson,Loose Forward,,
2022,3855f7d4-3759-4ff3-8d78-ae310101dbd9,James Ramm,Outside Back,,
2022,38d1e303-f592-4d96-88cd-ae31010e86d5,Young Tonumaipea,Midfielder,,
2022,39a4cf1b-2c07-4437-ac5d-ae31010d6f1a,Roger Tuivasa-Sheck,Midfielder,,
2022,3b50d354-d1ef-4f85-9d4f-ae31010e93bd,Apisalome Vota,Midfielder,,
2022,3bb46d97-f873-40ee-9da7-ae310101cb34,Reece Hodge,Outside Back,,
2022,3d235908-52b0-4aff-802c-ae31010d5036,Danny Toala,Midfielder,,
2022,3f2736da-2195-4e49-a916-ae31010d687e,Ereatara Enari,Half Back,,
2022,3f6e877c-16f6-4380-9448-ae310101ecb2,Ian Prior,Half Back,,
2022,40002f21-76e2-47cc-9b22-ae310101a61b,Ardie Savea,Loose Forward,,
2022,40265e0a-4d45-40b0-baf5-ae6e007a9972,Nigel Ah Wong,Midfielder,,
2022,407f4d47-0baf-454a-b4e4-ae31010ea0f1,Kalaveti Ravouvou,Midfielder,,
2022,41b0e6a9-c1a1-4de6-bf7f-ae6700b2e65e,Mitchell Jacobson,Loose Forward,,
2022,43243b15-ccce-4fa9-bc36-ae31010d322e,Max Douglas,Lock,,
2022,4324c693-12e8-45db-b938-ae4400b0865d,D'Angelo Leuila,Fly Half,,
2022,4376761d-6e04-4591-b784-ae310101c2f7,Sione Havili Talitui,Loose Forward,,
2022,4475cb1c-1609-47c1-a9e1-ae31010d8c1f,Jamie Booth,Half Back,,
2022,4691897b-4a8d-4dd3-bee4-ae31010eb1ca,Fine Inisi,Midfielder,,
2022,4759a31d-008e-4b6c-bd54-ae31010d7bc1,Simon Hickey,Fly Half,,
2022,496771d1-25bd-4eda-876a-ae31010e6fb4,Brad Lacey,Outside Back,,
2022,498f872e-4bfe-47d8-8340-ae31010ea996,Tima Fainga'anuku,Outside Back,,
2022,49988ff2-d08f-4477-b47b-ae5900e198a2,Tom Florence,Loose Forward,,
2022,4a8026b5-d6bf-4b31-835d-ae310101c13e,Chase Tiatia,Outside Back,,
2022,4b23afa8-8b98-4f80-8109-ae31010d39c3,Cameron Roigard,Half Back,,
2022,4b8a1f85-22c4-48bc-88e2-ae31010e7e35,Richard Hardwick,Loose Forward,,
2022,4d274863-8fbf-413b-bf91-ae4400b06fb7,Jamie Roberts,Midfielder,,
2022,4d9fa11b-1f30-47d6-8e58-ae310101ae25,Scott Gregory,Midfielder,,
2022,4f083505-b983-45e1-a4aa-ae31010d651a,James Tuttle,Half Back,,
2022,50ac1aaf-37ef-41e3-91e2-ae310101d4b0,Nic White,Half Back,,
2022,50e2bce4-654e-40fb-81f7-ae91006b174b,Liam Hallam-Eames,Lock,,
2022,50fdede3-12db-4c2b-a644-ae310101fcbc,Trevor Hosea,Lock,,
2022,5195d91b-3d40-4fb4-8e8b-ae31010d9d7b,Tevita Funa,Outside Back,,
2022,5236a4a3-2183-4128-9f44-ae31010ea7d8,Sione Tu'ipulotu,Loose Forward,,
2022,53865d95-40b9-4b85-9cfb-ae31010e8115,Joe Pincus,Outside Back,,
2022,53c0552c-604d-41a1-9655-ae31010d71cb,Rodney Iona,Fly Half,,
2022,54b67712-0557-444e-838e-ae31010d3314,Joshua Goodhue,Lock,,
2022,55c7358e-183f-4efd-8bdf-ae6e007a9456,Mike Curry,Loose Forward,,
2022,568495b5-d4dc-4d0b-b2a5-ae31010d2a1b,Ollie Callan,Loose Forward,,
2022,57bdf793-0345-448c-95cc-ae31010e70c4,Jeremy Thrush,Lock,,
2022,5928aa01-8166-4e7c-a7f1-ae31010208c3,Blake Gibson,Loose Forward,,
2022,5a0df8f6-b0fd-4a63-a8b2-ae310101e5ca,Henry Taefu,Midfielder,,
2022,5a32d47d-8344-4860-849c-ae310101a7f5,Alex Newsome,Outside Back,,
2022,5b5d3819-1377-4baa-aaa9-ae31010e9b2d,Ratu Rotuisolia,Lock,,
2022,5b75eb68-4d87-4e12-848f-ae31010d8fa8,Aidan Morgan,Fly Half,,
2022,5bbfcd44-0e31-45cf-8127-ae31010d9093,Tyler Laubscher,Loose Forward,,
2022,5cb0d289-559f-479a-910d-ae31010d5ca9,Jeral Skelton,Loose Forward,,
2022,5cb50bd5-791f-4a7b-bd30-ae31010d498c,Gareth Evans,Loose Forward,,
2022,5d3c4dd6-3438-4dc3-9f54-ae31010187d2,Mitchell Hunt,Fly Half,,
2022,5d6639c9-b8c6-4fa9-bf28-ae75008ca687,Lisati Milo-Harris,Half Back,,
2022,5db6b882-c020-4a64-83f7-ae31010d92c0,Justin Sangster,Lock,,
2022,5dcf5980-3bdf-48bf-91cc-ae31010d97c9,Michael Hooper,Loose Forward,,
2022,5dd29acc-da60-4ac3-9d6b-ae310101ee82,Sam Gilbert,Outside Back,,
2022,5e0ae40c-89b3-4ce4-81ac-ae31010e78c9,Grason Makara,Midfielder,,
2022,5fcbadf1-6dd3-423a-8845-ae520094017a,Nick Jooste,Fly Half,,
2022,5ffbe22d-25a1-4ab3-a4de-ae31010d94d2,Spencer Jeans,Half Back,,
2022,611b036b-5e41-45af-943c-ae310101a191,Pita-Gus Sowakula,Loose Forward,,
2022,62817e35-129c-4756-afa4-ae31010e82fc,Ilikena Vudogo,Midfielder,,
2022,63f94bbf-904a-4e01-b586-ae4b002a0a24,George Worth,Outside Back,,
2022,6471a9ab-14ba-418e-a008-ae31010e9f2f,Onisi Ratave,Outside Back,,
2022,649e1f70-53d3-4ec7-a0c7-ae31010d79ec,Gideon Wrampling,Midfielder,,
2022,6be5b3ae-8177-445b-8066-ae310101d07f,Harry Plummer,Fly Half,,
2022,6cec5a62-f935-4109-9368-ae31010e83c6,Ray Nu'u,Midfielder,,
2022,6d5179fe-3469-4035-b54d-ae31010d739b,Cam Clark,Outside Back,,
2022,6dd82fcc-4d60-423d-babd-ae31010e85dc,Lachlan Anderson,Outside Back,,
2022,6f1b6450-c7c9-4c5a-bf12-ae6e007a91b3,Denny Solomona,Outside Back,,
2022,709aac2d-d079-4d0f-a592-ae31010d7dc0,Isaiah Punivai,Midfielder,,
2022,7224b160-c6f1-4489-bb7d-ae31010d8d0f,Dominic Bird,Lock,,
2022,72d97b32-51ad-422a-8809-ae6e007a9bce,Dwayne Polataivao,Half Back,,
2022,732a3fa7-811d-47c0-b827-ae310101cec6,Liam Wright,Loose Forward,,
2022,78c43426-d6e9-4536-ab8f-ae31010e7c6e,Daniel Ala,Outside Back,,
2022,799bb2c5-bfe3-4da3-a38a-ae3101018fd7,Josh Ioane,Fly Half,,
2022,7a8663e1-778f-41f3-8643-ae31010206ad,Ryan Smith,Lock,,
2022,7ccf517f-735a-4702-9d67-ae31010eb46d,Alex McRobbie,Lock,,
2022,7d7f8819-bb5e-4619-9ae8-ae310101be39,Jordan Petaia,Midfielder,,
2022,7e5cb3a6-c8e4-4a4d-8003-ae60008a00f8,Josh Kaifa,Loose Forward,,
2022,7e5d2524-4cbb-473b-9902-ae31010ea4d8,Jack Lam,Loose Forward,,
2022,8139938c-8884-455e-b189-ae31010d8355,Fetuli Paea,Midfielder,,
2022,822da868-a256-4305-ae3c-ae310101a71d,Billy Harmon,Loose Forward,,
2022,855ebbda-5e47-4737-8668-ae31010e7b84,Reece Tapine,Outside Back,,
2022,8728fd81-e602-4a43-8870-ae310101afe7,Joe Powell,Half Back,,
2022,873eb1c9-a22f-40d5-ae47-ae31010e8f91,Kitione Taliga,Fly Half,,
2022,878983a1-0a0f-4ef7-942c-ae8a0058980d,Hamish Dalzell,Lock,,
2022,891045e5-c4e3-4c35-96ea-ae820159e4ac,Leni Apisai,Undefined,,
2022,8979c391-611d-4833-89f6-ae31010e6e1d,Brynard Stander,Loose Forward,,
2022,8bfaeff6-35f2-413b-9af7-ae31010d7469,Ed Kennedy,Loose Forward,,
2022,8c9cf575-4f97-4fe9-8b8c-ae31010d8af8,Teihorangi Walden,Midfielder,,
2022,8ced10f6-acc9-4ce0-b7eb-ae31010d72b1,Chris Feauai-Sautia,Outside Back,,
2022,8dc0a7d5-07fa-441d-87dc-ae31010d8453,Vilimoni Koroi,Outside Back,,
2022,8f98cb39-b7c8-42ac-a411-ae310101dd92,Jake McIntyre,Fly Half,,
2022,90462881-1d31-47c9-a3f4-ae31010d43ff,Quinten Strange,Lock,,
2022,918025fc-779e-4643-9f4e-ae3100fb1db1,James O'Connor,Fly Half,,
2022,956df39d-5d91-49c4-993c-ae31010ea2d4,Sorovakatini Tuifagalele,Lock,,
2022,95b6f288-3b29-4748-8755-ae31010e8ae1,Serupepeli Vularika,Midfielder,,
2022,96044d39-718e-4291-b621-ae31010eb003,Solomone Funaki,Loose Forward,,
2022,96465bcd-af25-45cd-ac43-ae31010e7a9e,Jackson Pugh,Lock,,
2022,973fea26-7fdf-42d3-a4e4-ae310101f7f9,Solomone Kata,Outside Back,,
2022,9772af74-76a1-4dd9-b279-ae310101e205,RebelsFront Row,Front Row,,
2022,991cebb2-efd3-428e-a51e-ae4400b07543,James Turner,Outside Back,,
2022,996f3ec3-d56a-4408-8296-ae31010e9080,Te Ahiwaru Cirikidaveta,Lock,,
2022,9a0f5882-90ed-4e28-b899-ae310101e2f4,Lachlan Swinton,Loose Forward,,
2022,9a45478b-07b2-4b7f-ae06-ae3101019530,Bryce Heem,Outside Back,,
2022,9a57402a-0208-4ebd-8beb-ae5200940529,Lachie Anderson (DUPLICATE DO NOT ADD),Outside Back,,
2022,9aa74e72-0830-4cb8-9c19-ae310101dcba,James Blackwell,Lock,,
2022,9abb85b1-cd73-4c88-b296-ae31010d2cda,Moses Sorovi,Half Back,,
2022,9ac4a07c-9b18-433b-a427-ae31010d7ae9,Pablo Matera,Loose Forward,,
2022,9c612372-db4a-4433-a1a8-ae31010e8c9e,Teti Tela,Fly Half,,
2022,9f31a7ec-deff-4af7-b059-ae310101d156,Toni Pulu,Outside Back,,
2022,a3c116e1-ff8a-4a09-987f-ae310101d67c,Bryn Hall,Half Back,,
2022,a3c59f00-e8e7-4a67-a604-ae310101aa9c,Brad Weber,Half Back,,
2022,a6801447-7464-4873-8a99-ae3100fb2059,Salesi Rayasi,Outside Back,,
2022,a75f5e44-0d1f-478c-9f57-ae31010e79d0,Byron Ralston,Outside Back,,
2022,a7a5cde5-f6ce-4e1c-9a99-ae8a00589a44,Floyd Aubrey,Outside Back,,
2022,a7cd5475-6913-4620-b7b4-ae31010e8ea6,Kalione Nasoko,Midfielder,,
2022,a7f29595-01b2-4b13-bd07-ae310101c74e,Connor Garden-Bachop,Outside Back,,
2022,a9cf5bc2-2b55-443c-9e87-ae4400b08332,Caleb Muntz,Fly Half,,
2022,aba84ae7-d8cf-46cb-8d34-ae31010d38d9,Fergus Burke,Fly Half,,
2022,acf22c0e-d33d-44d7-a1f8-ae31010d56cd,Luke Romano,Lock,,
2022,ad49cae1-58a6-47cf-bfe9-ae310101bab5,Stacey Ili,Midfielder,,
2022,aedf1bab-3ca1-4d54-952b-ae6e007a967f,Xavier Cowley-Tuioti,Lock,,
2022,afd7b610-2420-4be6-a4c3-ae31010e75a8,Jake Strachan,Fly Half,,
2022,b0b7ad14-cda9-473d-b92b-ae31010eaae2,Alamanda Motuga,Loose Forward,,
2022,b1db6d6d-cee5-4bf4-86ce-ae31010d2bd4,Tom Christie,Loose Forward,,
2022,b3e34a55-03e1-46d7-810d-ae31010ea5cb,Levi Aumua,Midfielder,,
2022,b424e6df-ccff-4dfd-96c2-ae3101019c59,Michael Wells,Loose Forward,,
2022,b4750a19-4bc4-425d-9667-ae31010d916a,Te Kamaka Howden,Loose Forward,,
2022,b6e7085a-f6b5-4267-b5b0-ae31010d81de,Marty Banks,Fly Half,,
2022,b8b9a80b-511f-4347-9b4c-ae8a0059d11a,Alexander Masibaka,Loose Forward,,
2022,b98040c3-80a3-44f2-8751-ae310101ea9b,Reed Prinsep,Loose Forward,,
2022,ba308da1-c643-4384-a8bf-ae310101de85,Bryn Evans,Lock,,
2022,ba9bf82a-3200-4b29-8d84-ae31010e778b,Jack McGregor,Fly Half,,
2022,bacc9765-3964-4e30-88dc-ae310101b553,Irae Simone,Midfielder,,
2022,bc2e15cd-77ee-4f82-8db6-ae3101018f04,Akira Ioane,Loose Forward,,
2022,bcd6434d-72d8-4c90-822d-ae31010ea02c,Vinaya Habosi,Outside Back,,
2022,bd27df01-a0bb-4015-b7d6-ae31010d4035,Adrian Choat,Loose Forward,,
2022,bd34bbde-a710-4977-a521-ae31010d4c21,Jack Grant,Half Back,,
2022,bd5c983d-e2ea-4efb-a81b-ae31010e9e66,Meli Derenalagi,Loose Forward,,
2022,bdaa0bf6-6784-4fc7-8008-ae3101018d3e,Matt Toomua,Fly Half,,
2022,bf27e04f-c27a-4ecd-96ef-ae31010e91b0,Raikabula Momoedonu,Loose Forward,,
2022,bf77642f-ae98-49c6-9cf6-ae3101019d35,Mark Nawaqanitawase,Outside Back,,
2022,c574b49b-f853-42d2-9446-ae31010d7716,Brodie Retallick,Lock,,
2022,c73422fa-cc96-4c1f-bba7-ae31010eb55c,Penitoa Finau,Loose Forward,,
2022,c770f1a7-19ce-455f-bbaa-ae6700b9e715,Freedom Vahaakolo,Outside Back,,
2022,c881c292-e0cd-433b-a59e-ae3100fb1ce8,Tom Banks,Outside Back,,
2022,c99ce507-a343-4bfe-8765-ae320130490b,Suliasi Vunivalu,Outside Back,,
2022,cadff3bc-fcce-4fb7-9d11-ae31010ea3c3,Christian Lealiifano,Fly Half,,
2022,cb00d691-2fcb-49f8-a7a7-ae3101018619,Rieko Ioane,Midfielder,,
2022,cb07d066-c417-47e3-a493-ae31010e72ac,Fergus Lee-Warner,Lock,,
2022,cb5c607b-3f3a-4a05-8e71-ae310102024d,Ryan McCauley,Lock,,
2022,cb6d3b9a-11f8-4050-9996-ae4400b06cc0,Richard Judd,Half Back,,
2022,d2513780-8594-488c-829a-ae6700b9e8dc,Tom Parsons,Lock,,
2022,d8e4bbcf-3da7-4ee0-8f55-ae31010d5aa1,Taine Plumtree,Loose Forward,,
2022,d9759012-8efb-4e07-b055-ae31010e8229,Josh Kemeny,Loose Forward,,
2022,dd03a289-0641-4d50-a88c-ae3101020345,Jack Goodhue,Midfielder,,
2022,de05470b-721a-4d01-b754-ae310101cdd2,Peter Umaga-Jensen,Midfielder,,
2022,ded898c2-4815-48fb-bea2-ae31010eae2e,Lincoln McClutchie,Fly Half,,
2022,df644172-0f2a-462a-af1c-ae31010197dc,Aaron Smith,Half Back,,
2022,e02106e0-1dbe-4e99-be18-ae3201304a74,Nehe Milner-Skudder,Outside Back,,
2022,e07e7125-a1e6-4aae-867d-ae31010d2b0f,Pepesana Patafilo,Outside Back,,
2022,e19ce39e-f251-4bab-93d7-ae31010e71b8,Richard Kahui,Midfielder,,
2022,e2cd825e-2e87-409a-9ca4-ae31010e7f1f,Ross Haylett-Petty,Loose Forward,,
2022,e2e86df5-6c9b-4b36-bff2-ae310101e869,Marino Mikaele-Tu'u,Loose Forward,,
2022,e35dc59d-e9b7-4b2a-adc5-ae310101f640,Mitch Brown,Loose Forward,,
2022,e3fb7d30-947d-47ed-895d-ae31010e96f2,Chris Minimbi,Lock,,
2022,e7546c25-420f-4ac9-8c16-ae31010199a8,Kaleb Trask,Fly Half,,
2022,e7d2b744-26fb-44da-9135-ae5200940b70,Jona Mataiciwa,Outside Back,,
2022,e7f9f983-817a-43b9-aec6-ae31010e87c9,Tamati Ioane,Loose Forward,,
2022,e80ca9c5-5f52-4155-bc24-ae31010d7ef5,Zach Gallagher,Lock,,
2022,e8a4ddda-2b0c-4244-a39c-ae31010d3ca8,Henry Stowers,Loose Forward,,
2022,e93e89cb-cffa-4c08-90c7-ae31010eb0df,Lotu Inisi,Loose Forward,,
2022,eb7f16d8-4436-47aa-b088-ae31010d7622,Lachie Albert,Half Back,,
2022,edcf886a-aa75-47de-b40d-ae5200940971,Josh Vuta,Half Back,,
2022,edeaa897-705e-4e87-8e34-ae310101f25f,Sam Cane,Loose Forward,,
2022,efa105a0-1bae-49c2-8636-ae520093f934,Kaveinga Finau,Midfielder,,
2022,f0559f38-1635-43f1-b8c6-ae31010e88cf,Nemani Nagusa,Loose Forward,,
2022,f2174140-6760-47a0-8f55-ae31010d8a04,TJ Perenara,Half Back,,
2022,f2b8b554-bde0-46f9-ad0e-ae6e007a8ed3,Jock McKenzie,Midfielder,,
2022,f4abcae2-71c0-449f-aef1-ae3101019b6a,Mark Telea,Outside Back,,
2022,f54133fe-c58d-4756-9176-ae31010eb861,Manu Paea,Half Back,,
2022,f5e8cbe0-b408-4f57-adc6-ae4400b07c4b,Lukas Ripley,Midfielder,,
2022,f818b724-7f42-4de0-a920-ae31010e7392,Issak Fines,Half Back,,
2022,f8238053-bc96-4d68-a766-ae6700b9ea9e,Daniel Maiava,Lock,,
2022,f85cd256-2c0b-44e8-b057-ae4400b07de3,Baden Kerr,Fly Half,,
2022,f8c17130-a930-43bc-bf60-ae31010d9be8,Hugh Bokenham,Lock,,
2022,f933aea5-54a7-459d-a3a7-ae310101bb91,Sam Whitelock,Lock,,
2022,f95eecd0-4dc9-4207-ae30-ae31010eb298,Anzelo Tuitavuki,Outside Back,,
2022,fa478d20-ce09-4eff-ab39-ae3101018b77,Len Ikitau,Midfielder,,
2022,fc452843-6e8d-43c6-a15f-ae31010e84f2,Thomas Nowlan,Lock,,
2022,fce24bb8-0fa0-4860-9973-ae520094035d,Josh Hill,Lock,,
2022,fe02e82b-a023-4fc4-9ce3-ae31010d2956,James Tucker,Lock,,
2022,ff60ee80-57ba-4ac4-bcad-ae4400b07a7b,Zac Hough,Loose Forward,,
2023,008e0ce1-2d57-46bd-95e4-af91006202f5,Mark Telea,Outside Back,,
2023,00b30ab0-fa4a-451b-b4c1-af9100633028,Jack Goodhue,Midfielder,,
2023,01578218-7dbe-4b70-9a5a-af91006209e6,Scott Gregory,Midfielder,,
2023,05f5ca5c-5eba-4075-b9bb-af9100624424,Sam Gilbert,Outside Back,,
2023,09620cd6-a1cb-461a-bfc7-af91006490eb,Spencer Jeans,Half Back,,
2023,0a8fdec8-cdd2-4164-8a65-af910064719c,Monty Ioane,Outside Back,,
2023,0abe2b41-8e23-477d-a532-af9100634fc8,Aaron Smith,Half Back,,
2023,0e0ba9fc-e5a2-4672-a5a5-af91006392ec,Alex McRobbie,Lock,,
2023,110ff538-936d-4b9c-9516-af9100642a70,Tamati Tua,Midfielder,,
2023,1178f238-c35e-4e1f-bd77-af91006391f4,Zach Gallagher,Lock,,
2023,1285c084-b099-4041-86cc-af910063697d,Alamanda Motuga,Loose Forward,,
2023,12e3ca62-2305-44d3-8826-af9100636e3f,Ned Hanigan,Lock,,
2023,138d2d0a-12aa-473d-a5da-af91006207e7,Jordan Petaia,Outside Back,,
2023,13f62915-db00-443e-a136-af910062355e,Roger Tuivasa-Sheck,Midfielder,,
2023,14a6c51c-52b4-4c84-ab36-af9100644ad9,Daniel Ala,Outside Back,,
2023,15c4006a-bce0-42b9-8a03-af9100646435,Kalione Nasoko,Midfielder,,
2023,162caef3-b5d6-4b43-9a42-af9100626691,Izack Rodda,Lock,,
2023,163c34b0-f319-4e4b-bfa5-af9100638d4d,Michael Curry,Loose Forward,,
2023,16a3793f-22cf-496e-8507-af91006448be,D'Angelo Leuila,Fly Half,,
2023,16d8cf32-47c4-42c3-90f0-afda0086787c,Sam Thomson,Lock,,
2023,17c867a0-94b9-4416-9eca-af91006382eb,Connor Vest,Lock,,
2023,18adbd01-61bf-438b-8ff0-af9100647fb5,Rupeni Mataele,Outside Back,,
2023,18ca9dcb-0de8-4b6f-b055-af9100639719,Liam Wright,Loose Forward,,
2023,1f73f69c-7213-4e00-acea-af9100634ad1,Adrian Choat,Loose Forward,,
2023,2063950c-3c51-46fb-adb4-af91006334eb,Lincoln McClutchie,Fly Half,,
2023,213d8348-26e0-4f46-a03e-af910062325d,Aidan Morgan,Fly Half,,
2023,22da2dae-7308-48f1-9fe2-af9100645011,Dominic Bird,Lock,,
2023,235b9127-c8ca-4592-8259-af91006459bc,Iosefo Masi,Outside Back,,
2023,259e546c-7133-4962-9c49-afda0086854d,Pedro Rolando,Half Back,,
2023,25e56182-8c38-4e5b-af52-afcc00aa5492,Josh Bekhuis,Lock,,
2023,269f13dc-e014-44ec-b7e8-af91006361a6,Rusiate Nasove,Loose Forward,,
2023,26d19f70-0904-4d15-876d-af91006430e2,Mahroni Ngakuru,Lock,,
2023,270645b2-1350-41f0-90fb-af9100643822,Manu Paea,Half Back,,
2023,2857a52b-c90c-4433-85ad-af91006456ee,Harrison Goddard,Half Back,,
2023,28a28369-6ced-4af1-a8fa-af910061fc09,Mitch Hunt,Fly Half,,
2023,28b728d1-8a15-4c85-ac91-af9100643f2a,Ben Dowling,Outside Back,,
2023,2aa07fe1-d383-42d0-a5d8-af91006264a4,Hugh Sinclair,Loose Forward,,
2023,2ae048e1-1e21-4f6d-bb57-af910061f608,Salesi Rayasi,Outside Back,,
2023,2c6c636e-5e0b-416b-9758-af910061f7f4,Kalaveti Ravouvou,Midfielder,,
2023,2cce4f5b-fa73-4ff6-9798-afda008681fd,Riley Hohepa,Fly Half,,
2023,2d63a7bb-86ad-4673-b563-af9100646e4c,Melani Nanai,Outside Back,,
2023,2d824187-a0ab-49ad-95a6-af9100620cd4,Thomas Umaga-Jensen,Midfielder,,
2023,2dde48d1-01ae-43a2-9ce1-af9100639d1f,Lotu Inisi,Loose Forward,,
2023,2e9d6b03-3278-45f7-824c-af9100648f9a,Grason Makara,Midfielder,,
2023,2f63ffcd-77e7-44af-a7bb-af91006446ba,Connor Anderson,Loose Forward,,
2023,30eacd58-e60c-4140-9acf-af910061fe0d,James O'Connor,Fly Half,,
2023,3176bc1c-e1b6-4446-ba40-af91006341dd,Selestino Ravutaumada,Outside Back,,
2023,31d1fb54-1cbc-4471-8e2b-af9100636a67,Caleb Muntz,Fly Half,,
2023,33beb208-d130-4002-bf98-afcc00aa5b37,Zane Marolt,Lock,,
2023,37545746-911c-4102-91c0-af9100646b17,Martin Bogado,Outside Back,,
2023,38511da8-749e-4d60-91c5-af910062232f,Jed Holloway,Lock,,
2023,3917ed3c-cb31-46e2-84d2-af9100647ebd,Rob Rush,Loose Forward,,
2023,39fee883-8573-40f9-9f3b-af9100632792,Suliasi Vunivalu,Outside Back,,
2023,3e0cf517-ca2d-4201-8466-af91006259fc,Shannon Frizell,Loose Forward,,
2023,405370af-6e99-408c-929f-af9100621ba9,Bryce Heem,Outside Back,,
2023,432d6a43-f3d5-4a18-9db8-af9100646fb0,Michael Naitokani,Midfielder,,
2023,439370e7-d623-498a-b7b6-af91006258e3,Richard Hardwick,Loose Forward,,
2023,46c454b4-2af1-4986-a1ee-af910063741b,Kitione Taliga,Fly Half,,
2023,46c814cb-300c-4ea2-a1e0-af9100637e8b,Jamie Booth,Half Back,,
2023,46ef9ae8-858b-4f7c-9664-af9100648b80,Wilson Blyth,Lock,,
2023,47aff2d5-e384-4e61-9b20-af9100645f7b,Joe Pincus,Outside Back,,
2023,4a5e0a5b-50b0-4ea5-bc80-af910061fa01,Noah Lolesio,Fly Half,,
2023,4b984d2a-eff3-4a83-8caa-af91006431d1,Jack Lam,Loose Forward,,
2023,4d29ea0a-03b6-4c58-9a27-af91006474af,Ned Slack-Smith,Loose Forward,,
2023,4dcff565-414b-4e02-8827-af9100624822,Billy Harmon,Loose Forward,,
2023,4f2ae513-458a-47f8-91da-af9100638739,Neria Fomai,Midfielder,,
2023,503afa96-60ea-45a2-8ba0-af9100641ff7,Ilikena Vudogo,Outside Back,,
2023,51996eab-799b-4b95-9962-af910063717d,Henry Taefu,Midfielder,,
2023,52801e5e-b634-410b-8d99-af9100648871,Trevor Hosea,Lock,,
2023,533ad235-586f-418f-9bdf-af91006349c1,Sione Tu'ipulotu,Loose Forward,,
2023,5504b09b-51f7-4232-8939-af9100620ad5,Rieko Ioane,Midfielder,,
2023,552455a1-6575-4af7-8113-af9100624b0b,Michael Hooper,Loose Forward,,
2023,57206fe9-db8e-40df-ae9f-af9100633600,Akira Ioane,Loose Forward,,
2023,598c7e2f-b7e7-4904-b888-af910061ffeb,Izaia Perese,Midfielder,,
2023,5bb4b5cb-0066-43d1-8258-afcc00aa45d4,Rahboni Warren-Vosayaco,Loose Forward,,
2023,5c3b0e76-4486-4660-bba8-af9100644dde,David Vaihu,Midfielder,,
2023,5fe02653-4540-4565-b29a-af9100624331,Brad Weber,Half Back,,
2023,61f407f9-5c91-4e69-b64b-afb700a74301,Tim Cardall,Lock,,
2023,63f16bf5-1412-4916-ac2e-af9100632f14,RebelsFront Row,Front Row,,
2023,64ad2921-91d4-4b27-8439-afcc00aa3fad,Nikolai Foliaki,Midfielder,,
2023,64bd3097-ed02-4587-acd7-af9100623d38,Ryan Smith,Lock,,
2023,65f5cfdc-a674-4399-8c81-af9100646748,Lebron Naea,Loose Forward,,
2023,660d57c7-ee02-4c6e-ae4f-af9100638b6a,Samuel Slade,Lock,,
2023,66eccec4-9b3d-4b17-9604-af9100642ddd,Chris Feauai-Sautia,Midfielder,,
2023,67c452e8-b673-4c36-8ae9-af9100646926,Luke Jones,Lock,,
2023,6934b635-ad48-49c7-a799-af91006473b7,Nathan Carroll,Fly Half,,
2023,6939a843-4011-4996-ae2f-af910061fb0c,Alex Nankivell,Midfielder,,
2023,6a07d5fc-6606-4a73-87b9-afcc00aa738d,Jack Wright,Lock,,
2023,6c39d195-2b46-44f4-9ee5-afcc00aa4983,Lebron Naea,Loose Forward,,
2023,6c991974-4bb5-424f-873d-af9100626bcd,Fetuli Paea,Midfielder,,
2023,6cd24a05-bc84-4787-af77-afb700a735bf,Kemara Hauiti-Parapara,Half Back,,
2023,6e97cf5b-69d5-4cb7-b604-af9100622736,Jake Strachan,Outside Back,,
2023,6ec2070d-61da-4fd6-a841-af9100625edb,Connor Garden-Bachop,Outside Back,,
2023,6ef774bd-924c-461c-bda6-af9100632695,Sam Whitelock,Lock,,
2023,6f667ecb-02c3-4952-9867-af910061f0d9,Bryn Gatland,Fly Half,,
2023,6fcdfc91-3843-4e20-881e-af9100648d7f,Zac Von Appen,Lock,,
2023,71060f5a-837a-4868-94f7-af9100635a4f,Brodie Retallick,Lock,,
2023,71bf3658-ac39-4a80-afae-af9100624225,Chase Tiatia,Outside Back,,
2023,73f2c181-5d8e-4d7e-a1f3-af91006254d7,Peter Umaga-Jensen,Midfielder,,
2023,7834e162-42a8-4b81-b17a-af910061ebda,Vinaya Habosi,Outside Back,,
2023,7a40bb67-db0d-4b95-9004-afb700a7e434,Eroni Sau,Outside Back,,
2023,7e04a878-ce1c-42c4-be43-af91006480a4,Ryan Louwrens,Half Back,,
2023,7fea265b-411d-4e72-9030-af9100642627,Chris Minimbi,Lock,,
2023,8183a791-e7d0-4498-87e1-af9100639ec0,Penitoa Finau,Loose Forward,,
2023,83c6986d-e6cc-4414-a85b-af910063586c,Stacey Ili,Midfielder,,
2023,844047f6-6e2b-4e09-92c5-af9100633118,Tamati Ioane,Loose Forward,,
2023,86d0f01c-7066-4b80-b6a2-af9100623c24,Solomone Funaki,Loose Forward,,
2023,86f9446a-6cc4-443a-9eef-af9100643433,Reece Tapine,Midfielder,,
2023,88b4b4a6-b843-4430-b24e-afb700a7ee42,Jonah Mau'u,Loose Forward,,
2023,88d7fed8-0340-4d80-b529-af910063a0ac,Reed Prinsep,Loose Forward,,
2023,8badbc26-d3e6-4ba3-a42f-af910064798a,Pari Pari Parkinson,Lock,,
2023,8c6f3e70-3055-47c6-9a1e-af91006251e5,James Lentjes,Loose Forward,,
2023,8e6065c7-6660-41f8-badd-af91006253e8,Tima Fainga'anuku,Outside Back,,
2023,8ed00896-5a06-411a-a860-af9100626ab4,Marty Banks,Fly Half,,
2023,9050f74a-3e30-4659-8124-af91006481d0,Sam Spink,Midfielder,,
2023,94483387-5e5e-4d07-a885-aff60089ed5d,Leone Nawai,Half Back,,
2023,95996c28-6bd2-4a46-b2ce-af910064935f,Moses Sorovi,Half Back,,
2023,9650285c-e232-418f-895d-af9100648575,Taleni Seu,Lock,,
2023,96a84276-fd87-420e-9f10-af9100635554,Tyler Laubscher,Loose Forward,,
2023,978c3ce5-dfbe-4a65-bad3-af9100626297,James Blackwell,Lock,,
2023,97a28445-deac-4c0b-a1e8-af9100626cc6,Mosese Dawai,Outside Back,,
2023,97c7ee4d-d79e-492b-95a0-af9100622f5c,Levi Aumua,Midfielder,,
2023,992a6048-6ee8-4cc6-a2fd-af9100647c7c,Pepesana Patafilo,Outside Back,,
2023,99b35f77-77e1-4cd5-bbc2-af910062243f,Christian Leali'ifano,Fly Half,,
2023,9de93dfe-5098-4b31-aa42-af91006360b3,Nick Jooste,Fly Half,,
2023,9deac7d7-edeb-4dd9-a5d6-af9100625fcf,Shaun Stevenson,Outside Back,,
2023,9fc11aab-9597-43ad-8fc8-af9100645289,Felix Kalapu,Lock,,
2023,a0aaf299-faf6-477b-bbc8-afda008687cb,Willi Gualter,Outside Back,,
2023,a10f5d43-b346-4fae-8e26-af9100648c78,Zac Hough,Loose Forward,,
2023,a13c922a-a224-43ca-b8de-aff60089da49,Michael Icely,Loose Forward,,
2023,a140d648-2ff9-41b2-bc18-afda00867fd4,Hunter Ward,Loose Forward,,
2023,a153e3f0-bbbe-4f76-8db7-af910064759a,Nemani Nadolo,Outside Back,,
2023,a23020ce-77e2-4a29-b86b-af9100623f12,Nic White,Half Back,,
2023,a230c234-2048-424f-8736-af9100645d8f,James Arscott,Half Back,,
2023,a3ba6651-e5e9-4626-9b18-af910063297e,Tom Hooper,Lock,,
2023,a41e8e6f-21da-4e3a-9774-af9100636b56,Anton Lienert-Brown,Midfielder,,
2023,a440ac07-8fe5-4a2b-baf2-afcc00aa5ec9,Ned Slack-Smith,Loose Forward,,
2023,a60a95f2-f4b0-4693-a79d-afcc00aa4fbc,Potu Leavasa,Loose Forward,,
2023,a75eac04-cf57-42c4-a51d-af9100646c3a,Mason Gordon,Fly Half,,
2023,a794e030-576f-4fbc-ae9b-af9100638823,Jackson Pugh,Lock,,
2023,a89287b1-64e2-49e8-bd47-afb700a73fed,Jeremy Thrush,Lock,,
2023,a9238483-f455-4034-a30b-af91006348bb,Josh Dickson,Lock,,
2023,adc047ac-a39e-4450-b9ab-af9100636c45,Tomasi Alosio,Outside Back,,
2023,ae742fcc-5394-4563-87e9-af91006346ae,Rob Leota,Loose Forward,,
2023,afa83987-3261-4e58-b90b-af9100634bd3,Justin Sangster,Lock,,
2023,b150f3e7-7ebf-4ec6-ac40-af9100643709,Raikabula Momoedonu,Loose Forward,,
2023,b3effc18-d8c2-49a3-ae9c-af910064923d,Ratu Rotuisolia,Lock,,
2023,b3f68340-4f1e-4e28-be5f-af91006323e4,TJ Perenara,Half Back,,
2023,b43173ba-7ece-4557-af9d-af91006428fe,Lachlan Swinton,Loose Forward,,
2023,b53456bd-24ab-4c22-9257-af9100632af5,Peni Matawalu,Half Back,,
2023,b53516b6-6e3f-42a0-bbd2-af9100644276,Bryce Hegarty,Outside Back,,
2023,b7bc9765-3795-492d-905d-af9100635bb3,Ray Nu'u,Midfielder,,
2023,b9468e1d-334e-4898-84f0-af91006204f0,Pita Gus Sowakula,Loose Forward,,
2023,bc427e70-e91f-4903-b0c3-af910063a9af,Sione Havili,Loose Forward,,
2023,bce5d0f3-b333-4fd8-8317-af9100622b4c,Tom Christie,Loose Forward,,
2023,beeca56a-01fa-4541-a992-afbf0090bc23,Jake Upfield,Lock,,
2023,c2396275-59d9-4872-8377-af910062638b,Ollie Callan,Loose Forward,,
2023,c2d8681f-1e5e-49c0-9593-af910064401e,Ben O'Donnell,Outside Back,,
2023,c4044f10-183d-48a2-a084-afcc00aa701c,Gareth Simpson,Half Back,,
2023,c479c7b2-4dd2-4b28-9640-af9100633ee6,Fine Inisi,Midfielder,,
2023,c55c74b1-33cd-4f51-b559-af910062292c,Ian Prior,Half Back,,
2023,c6272279-76a4-43ab-9302-af9100625be9,James Tucker,Lock,,
2023,c62bbd65-b999-4eee-97ca-af91006383d6,Quinten Strange,Lock,,
2023,c75f7491-8bff-40b0-bcf4-af91006268ba,Toni Pulu,Outside Back,,
2023,c82fb706-baeb-450c-b6ff-af910061efdc,Richie Mo'unga,Fly Half,,
2023,c868b62d-4219-43ac-9ee2-af9100638523,Max Hicks,Lock,,
2023,ca76ea7e-a859-4d42-bebe-af910063a1dd,James Tuttle,Half Back,,
2023,cb6c5cf0-1e5b-4661-9ac1-af9100643978,Lolagi Visinia,Outside Back,,
2023,ccc0fcfc-1fe2-4411-bc31-af91006435c1,William Sankey,Lock,,
2023,ccd0d92d-d28e-45ac-aa3f-af9100622245,Len Ikitau,Midfielder,,
2023,ced763bd-d44a-4bc1-adfb-af91006427a3,Mike McKee,Lock,,
2023,d2533501-2250-4e7a-9007-af9100633210,Ratu Meli Derenalagi,Loose Forward,,
2023,d42f32a8-7f18-4ebc-9d9b-af9100636818,Ryan McCauley,Lock,,
2023,d65f439e-2ef0-4d2e-9f5f-af910063890e,Langi Gleeson,Loose Forward,,
2023,d6cf2280-11ec-43bd-bb7e-af9100637940,Sorovakatini Tuifagalele,Lock,,
2023,d7ce9ca4-0e4c-4879-bc6a-af9100623e23,Sam Cane,Loose Forward,,
2023,d8460d42-e05e-4a69-90f3-af9100646341,Josh Kemeny,Loose Forward,,
2023,d92a944e-6ffc-41cb-a2ef-af91006455f6,Gideon Wrampling,Midfielder,,
2023,d9abb83d-b318-4964-9646-af9100621c93,Marino Mikaele-Tu'u,Loose Forward,,
2023,da4cb352-4c43-429f-b936-af9100641db6,Ed Kennedy,Lock,,
2023,dabcca83-5466-4ef3-a4d8-af91006265a2,Lukas Ripley,Midfielder,,
2023,dbc4b480-84e3-4f24-be48-af9100648a79,Willi Heinz,Half Back,,
2023,dd42924e-7ec2-4c9d-af74-af910062263e,Brad Wilkin,Loose Forward,,
2023,de9911ce-312e-4055-acbc-af9100633d9e,Rameka Poihipi,Midfielder,,
2023,df9619cb-52e1-44b1-9b99-af91006422a3,Cameron Suafoa,Loose Forward,,
2023,e0431891-a993-45e5-8845-af91006376e4,Taine Plumtree,Lock,,
2023,e2f4eb12-7919-4d35-9480-aff60089dcc2,Jacob Norris,Loose Forward,,
2023,e39aa7d9-0849-43f7-81e6-af9100648e98,Zane Marolt,Lock,,
2023,e4230f61-9ccb-44e7-9e1d-af910061fcfd,Apisalome Vota,Midfielder,,
2023,e42e8fac-285b-43e1-802b-af9100622833,Fergus Burke,Fly Half,,
2023,e4dfc8c2-e3e4-4dfe-b090-af9100634004,Te Ahiwaru Cirikidaveta,Loose Forward,,
2023,e80bbf35-ef8b-4fcc-bbb4-af9100639fb4,Vilimoni Koroi,Outside Back,,
2023,e9626ca3-be47-4d6f-b803-afa300c078f7,Freddie Burns,Fly Half,,
2023,ea375ec6-333a-4fef-9447-afa300c07b91,Zach Kibirige,Outside Back,,
2023,eadb4e46-4241-4d9b-9747-af910062402b,Josh Ioane,Fly Half,,
2023,eb1d08bd-2c3d-461b-a46f-af9100620bbb,Teti Tela,Fly Half,,
2023,ec15c589-ad46-4e91-95c3-af910064239c,Daniel Maiava,Lock,,
2023,ed6ee577-1d1c-4ab1-9a10-af910064652d,Keynan Tauakipulu,Loose Forward,,
2023,ee0b0769-6ee0-46ae-b1dd-af910062461f,Danny Toala,Midfielder,,
2023,f036489b-9c77-4e65-a060-afcc00aa434e,Keynan Tauakipulu,Loose Forward,,
2023,f132c7e9-c486-42f6-9888-af91006203f2,Ardie Savea,Loose Forward,,
2023,f1f020e2-559e-4cbc-97f7-af9100635d9b,Manaaki Selby-Rickit,Lock,,
2023,f252a17f-6268-4fd5-8a63-af91006453a7,Floyd Aubrey,Outside Back,,
2023,f2622b9f-2719-4f2c-ad75-af9100622a20,Tim Anstee,Loose Forward,,
2023,f87e5ef8-d80b-41c8-890e-afbf0090bea1,Daniel Botha,Lock,,
2023,f912b919-2afb-4658-ac33-af910063655e,Harry Plummer,Fly Half,,
2023,f94e1924-78a6-45ef-8dd1-af9100647294,Mosese Tuipulotu,Midfielder,,
2023,f9aec261-89d5-47ee-8e0e-af910061f8e8,Mark Nawaqanitawase,Outside Back,,
2023,fb842343-7945-49ec-85cf-af9100647896,Ollie Cummins,Midfielder,,
2023,fbe7e2d3-b114-42e9-acef-af91006322d4,Michael Wells,Loose Forward,,
2023,fd7f7525-e4c2-4238-b9b3-af9100647b63,Peniasi Malimali,Outside Back,,
2023,ff33ff48-5780-4612-8407-af9100639971,Anzelo Tuitavuki,Outside Back,,
2023,ffe8d225-8b10-4b1b-8f7d-af9100637a2b,Jesse Mogg,Outside Back,,
2023,fffac8d9-f53c-4b8f-b746-af9100623152,Reece Hodge,Outside Back,,
2024,00b5ca94-d329-4a0a-80f3-b0f900c1a459,Nick Jooste,Outside Back,,
2024,012d8bb5-6fa6-4fd7-9acc-b0f900c4204a,Rhys Patchell,Fly Half,,
2024,025b7f87-6088-42b8-a33b-b0f900c195c5,Josh Ioane,Fly Half,,
2024,037dc272-37f9-49cb-a33a-b0f700ff7d81,Ryan Louwrens,Half Back,,
2024,03e4dac8-d07d-458f-8af6-b0f900c2ce5a,James Arscott,Half Back,,
2024,04d7d042-4b7b-48e1-8964-b122010f7b65,Tom Franklin,Lock,,
2024,0541357a-ce40-4396-af95-b0f700ffa8ef,Fine Inisi,Midfielder,,
2024,056d1bb0-bcaf-4121-b713-b0f900c2ccaf,Daniel Maiava,Loose Forward,,
2024,090316c4-c694-4c98-bf6b-b0f900c417a6,Ollie Cummins,Midfielder,,
2024,09b1b3f0-3c90-4357-8aba-b0f900c3b954,Andrew Turner,Lock,,
2024,0abef5e8-4793-4bf0-a207-b0f900c3fab8,Lebron Naea,Midfielder,,
2024,0d330801-c551-4f7d-922a-b0f700ff82fa,Harry Plummer,Midfielder,,
2024,0ee262a3-b1a8-467a-ae18-b0f900c1bc7b,D'Angelo Leuila,Midfielder,,
2024,0ef370c4-15c8-47d3-bb08-b137009cb246,Reed Prinsep,Loose Forward,,
2024,0fc7d28b-9f3d-4a95-910c-b0f900c15bee,Cameron Suafoa,Loose Forward,,
2024,104e257b-69a4-4724-bac1-b0f900c28fcd,Quinten Strange,Lock,,
2024,10698b84-9770-4979-96a2-b0f900c1c7b0,Jake Strachan,Fly Half,,
2024,111bd6a6-6814-4feb-94c3-b0f700ff2e38,Sam Gilbert,Midfielder,,
2024,18f0307f-b101-434c-8423-b0f900c18d34,Anton Lienert-Brown,Midfielder,,
2024,1a2b2f7f-fbd9-4e12-b818-b0f900c3b803,Ajay Faleafaga,Fly Half,,
2024,1a9f2549-5d67-41fb-a7c4-b0f900c1b6ee,Henry Taefu,Midfielder,,
2024,1ae92779-1477-4540-a7e6-b0f700ff77ca,Brad Wilkin,Loose Forward,,
2024,1c98ac45-c227-4997-a7f0-b0f700ff310e,Levi Aumua,Midfielder,,
2024,1cb0090f-b358-4000-81a6-b0f700ffaa66,Tim Anstee,Loose Forward,,
2024,1cf3a2b7-117c-47b1-9aff-b0f900c40c0f,Mesu Kunavula,Loose Forward,,
2024,1d973493-7bfc-492e-a342-b0f700ff5c16,Billy Harmon,Loose Forward,,
2024,1df24f3c-3098-4072-b421-b0f900c2a04d,Fergus Burke,Fly Half,,
2024,1e162d98-7a80-4db0-a191-b0f900c14f00,Tom Christie,Loose Forward,,
2024,22056d7d-df47-4910-b191-b0f900c171dd,RebelsFront Row,Front Row,,
2024,22c4cf6e-0469-43c1-bdb1-b122010f683e,Jacob Norris,Loose Forward,,
2024,265f8782-38c1-47c2-9aa0-b0f700ff6479,Suliasi Vunivalu,Outside Back,,
2024,26f40491-b449-4949-8a34-b0f900c3fc04,Leigh Halfpenny,Outside Back,,
2024,277a118e-8e48-45a3-b134-b0f900c3f5d9,Kaleb Trask,Fly Half,,
2024,2a127d46-a749-4b93-8e4a-b0f900c3c51f,David Vaihu,Midfielder,,
2024,2a937a58-e104-4ae9-9078-b0f900c3f2bc,Josh Taula,Lock,,
2024,2a9faf3d-a4c4-4942-8f3c-b178011dd483,Luke Callan,Loose Forward,,
2024,2c4b02a2-ae36-4b55-8421-b0f900c2c6bc,Peter Umaga-Jensen,Midfielder,,
2024,3076dba1-aa47-4b5f-917d-b0f700ff7133,Len Ikitau,Midfielder,,
2024,31279888-196c-4e8a-a9f2-b0f900c1c0ac,Hugh Sinclair,Loose Forward,,
2024,31ceb07c-e581-4f44-be4c-b0f700ff5d88,James O'Connor,Fly Half,,
2024,3470b408-61a1-4bd0-a53b-b0f900c2887f,Pari Pari Parkinson,Lock,,
2024,38706844-933d-4154-9f88-b14001210396,Sam Carter,Lock,,
2024,39486ddf-a413-49a4-b687-b0f900c18033,Meli Derenalagi,Loose Forward,,
2024,39543625-83c8-4171-b7f7-b0f900c15f35,Felix Kalapu,Lock,,
2024,397963a3-6a27-4c45-bfa1-b0f900c16811,Neria Fomai,Outside Back,,
2024,3bb76933-3a86-4979-9696-b0f900c2c0d2,James Tuttle,Half Back,,
2024,3c94f37c-09e3-4b0a-9862-b0f900c2b9c0,Manaaki Selby-Rickit,Lock,,
2024,3f1730b1-d9b3-4256-9de0-b0f900c16691,Jed Holloway,Lock,,
2024,41621a82-3175-4a14-818b-b0f700ff4058,Selestino Ravutaumada,Outside Back,,
2024,447d429c-2eba-4186-8484-b0f900c4361e,Tom Florence,Loose Forward,,
2024,45428489-c03b-4fe6-b215-b0f700ff2cf0,Shaun Stevenson,Outside Back,,
2024,46de2414-02c2-4219-9dd5-b0f900c423d8,Rob Leota,Loose Forward,,
2024,47c5d1ce-666f-4463-8ae1-b0f900c3e555,Jack Maunder,Half Back,,
2024,48884478-eb19-45b4-9c3f-b1400121001b,Fletcher Anderson,Loose Forward,,
2024,48be8f2b-d7d6-4c5c-8f47-b0f700ff6f91,Rameka Poihipi,Midfielder,,
2024,4a7bec96-22ba-4fdf-9e64-b0f900c2e453,Samuel Slade,Lock,,
2024,4f690dda-336e-410d-a1d8-b0f900c29c12,James Tucker,Lock,,
2024,4fe1fe59-bdbd-4a7c-92d9-b0f900c2a7fd,Harrison Goddard,Half Back,,
2024,51783aa8-b63b-411d-8b22-b0f900c27bb7,Apisalome Vota,Midfielder,,
2024,522e7736-725a-4525-b3be-b0f900c40aa1,Meihana Grindlay,Midfielder,,
2024,53d1a3ae-b38c-46ba-bedc-b0f900c2bd36,Ian Prior,Half Back,,
2024,55dd5dbd-78b6-4de7-b088-b0f900c1640f,Bryce Heem,Midfielder,,
2024,5716225d-fc27-464a-98c8-b137009cb539,Maciu Nabolakasi,Loose Forward,,
2024,57735cb0-a074-4c1d-8162-b0f900c19487,Alamanda Motuga,Loose Forward,,
2024,579313bd-c68f-48b4-94f0-b0f900c27778,Martin Bogado,Outside Back,,
2024,59d20c2b-2d07-44ec-97f4-b0f900c4106f,Ned Slack-Smith,Loose Forward,,
2024,5b1a7824-0b36-4554-aef7-b0f900c1a775,Sione Havili,Loose Forward,,
2024,5c1b6434-3694-4230-af8f-b0f700ff3d95,Mark Nawaqanitawase,Outside Back,,
2024,605ac1b4-d0cb-449c-8226-b0f900c155f1,Danny Toala,Midfielder,,
2024,60e9162f-9694-46ed-86c3-b13000887e5b,Iliesa Junior Ratuva,Outside Back,,
2024,6226fafc-cd93-410a-8d7a-b13000887871,Connor McLeod,Half Back,,
2024,629d84fc-2e12-47cd-a2fa-b0f900c3d95b,Hayden Michaels,Loose Forward,,
2024,642f0f25-b494-45b2-886e-b122010f7051,Ben Di Staso,Loose Forward,,
2024,65e9131c-8e83-4adc-ae36-b0f700ff5ee3,Sam Spink,Midfielder,,
2024,663fafc2-e06f-43ea-b8b8-b0f900c2721a,Tom Hooper,Loose Forward,,
2024,6f99ebf5-0c10-467a-a29f-b147011c3d67,Sione Misiloi,Outside Back,,
2024,777b5ca1-8993-4993-b43e-b0f700ff4e30,Rieko Ioane,Midfielder,,
2024,781606ae-2423-447e-ab50-b0f900c18177,Adrian Choat,Loose Forward,,
2024,782b36f9-b68c-43a0-8e96-b0f900c3e3e2,Jack Grant,Half Back,,
2024,7919cd90-dd5b-4fdd-a154-b0f700ff7328,Chase Tiatia,Outside Back,,
2024,7cb56add-1fc2-40bc-aebc-b0f900c421cb,Richard Judd,Half Back,,
2024,7d0ce2bd-4b83-4a20-8774-b0f700ff29d7,Mark Telea,Outside Back,,
2024,7e4e27ab-3232-4c26-9a02-b13000886fba,Riley Hohepa,Fly Half,,
2024,7f2733ce-c8e4-4760-a373-b0f900c3e10c,Isaiah Ravula,Fly Half,,
2024,830b3b2c-cd5b-4f46-b1c1-b0f900c3dfbf,Irie Papuni,Lock,,
2024,85d4614f-4dc6-4f19-b35c-b0f900c3d193,Floyd Aubrey,Outside Back,,
2024,85fc6822-ce9e-4a3e-9761-b0f700ffad59,Aidan Morgan,Fly Half,,
2024,88167ed1-c403-4463-be66-b0f900c3ca16,Ed Kennedy,Loose Forward,,
2024,88d1fb48-f3f0-4388-a7a5-b0f900c19c41,Peni Matawalu,Half Back,,
2024,8a095200-684d-4c36-9ece-b0f900c199b0,Michael Wells,Loose Forward,,
2024,8bdab452-787c-478a-a895-b0f900c2df32,Connor Anderson,Loose Forward,,
2024,8bfdc912-f5d2-4ea3-acdb-b0f900c185d3,Akira Ioane,Loose Forward,,
2024,8f3707b0-aa0d-43ae-a8d5-b0f900c3e78c,James Thompson,Loose Forward,,
2024,90a9261c-9dc1-4031-bc74-b0f900c434a2,TJ Perenara,Half Back,,
2024,95599333-0263-4562-b2c9-b0f900c29186,Lukas Ripley,Midfielder,,
2024,97560ba0-3f0a-481b-b7f2-b0f900c42f94,Taine Roiri,Lock,,
2024,97ecbc0e-3130-40cc-9f14-b0f900c71463,Aisea Halo,Half Back,,
2024,98606ff0-550b-43cb-9a72-b0f700ff7ec4,Solomone Funaki,Loose Forward,,
2024,9ae09710-16a7-4929-8d74-b0f900c2764c,Caleb Muntz,Fly Half,,
2024,9bcde8cd-b12f-4de9-a492-b0f700ff5818,Jordan Petaia,Outside Back,,
2024,9eae3fa1-0909-46ba-9f3e-b0f900c71489,Viliami Napa'a,Lock,,
2024,a2e55191-cae6-461f-a70d-b0f900c1b031,Anzelo Tuitavuki,Outside Back,,
2024,a2e73378-195d-4b91-8763-b0f900c40564,Matt Proctor,Midfielder,,
2024,a6b03369-7b65-413b-b3c2-b0f900c625ee,Vuate Karawalevu,Outside Back,,
2024,a6c5f555-a1da-4207-9e1c-b0f900c1ce0f,Ned Hanigan,Lock,,
2024,a6d827dd-5a85-4be0-81ab-b0f900c15a6d,Connor Garden-Bachop,Outside Back,,
2024,aa6f67c1-0be8-4ecc-9b4b-b122010f7695,Sam Thomson,Lock,,
2024,abcc3892-65b2-47fe-b129-b0f900c1b59d,Ryan Smith,Lock,,
2024,abfdf1cd-970e-46fc-b714-b0f900c3bff1,Campbell Parata,Fly Half,,
2024,ae23b920-0ab6-4e92-a8fc-b0f700ff3ee1,Salesi Rayasi,Outside Back,,
2024,ae646e1a-2c9a-4364-9641-b0f900c282bf,Mosese Tuipulotu,Midfielder,,
2024,af14d66f-83bc-45f9-9f8b-b0f900c2e8cf,Justin Sangster,Lock,,
2024,b5749da2-e9a8-4565-bf6f-b0f900c28444,Te Ahiwaru Cirikidaveta,Lock,,
2024,b58a84a6-e4b0-4663-be1f-b0f900c2d6a0,Peniasi Malimali,Outside Back,,
2024,b639414f-8788-45d8-bbc9-b0f900c28596,Zach Gallagher,Lock,,
2024,b6bcf42d-8420-4ae1-8764-b0f700ff2fc1,Iosefo Masi,Midfielder,,
2024,b975ab73-e9a4-47b4-a223-b0f900c426cf,Ryan Crotty,Midfielder,,
2024,bf1f0d63-7963-4242-aeec-b0f700ff4b76,Noah Lolesio,Fly Half,,
2024,c0dfb3b2-f3ae-40a6-8b4f-b0f900c1ad80,Nic White,Half Back,,
2024,c34e9700-8e3f-40e8-8e87-b0f700ff85f2,Liam Wright,Loose Forward,,
2024,c3ff12e2-3416-4090-b67d-b0f900c2811e,Ollie Callan,Loose Forward,,
2024,c548557e-d4b5-4ee8-b193-b0f900c2b366,Lachlan Swinton,Loose Forward,,
2024,c7015df3-bef8-4189-8447-b0f900c2c4a1,Jackson Pugh,Lock,,
2024,c852993a-781f-42cd-9968-b0f900c28a74,Harrison Wilson,Outside Back,,
2024,ca035f6b-3820-4b88-81f5-b0f900c3c294,Cormac Daly,Lock,,
2024,ca09dcbe-df82-434e-8bed-b0f900c1a315,Willi Heinz,Half Back,,
2024,cc12bb1f-96be-431b-92b0-b0f900c1aa9c,Lotu Inisi,Loose Forward,,
2024,cc2fc1a5-3118-4802-ac27-b0f900c3cd37,Epeli Waqaicece,Midfielder,,
2024,cd70050c-5851-4ee6-ad0e-b0f900c2af01,Ratu Rotuisolia,Lock,,
2024,cea090c4-937b-4ac6-a3f1-b0f700ff762e,Langi Gleeson,Loose Forward,,
2024,cff191c1-1c62-4ac7-85cf-b0f900c29e57,Michael Naitokani,Midfielder,,
2024,d098a48c-c3c6-4836-bd95-b0f900c4282a,Sailosi Vukalokalo,Lock,,
2024,d1652460-7d29-4445-ad23-b0f900c157a0,Joe Pincus,Outside Back,,
2024,d17de434-053d-49e2-92d6-b0f900c62cbe,Zac Hough,Loose Forward,,
2024,d3957129-96fa-4ba4-a3bc-b0f900c3db84,Henry O'Donnell,Midfielder,,
2024,d72674c2-c826-4993-82ff-b0f900c411f4,Nigel Ah Wong,Outside Back,,
2024,d8357093-a253-4a4b-a06c-b0f900c17590,Ben O'Donnell,Outside Back,,
2024,e1bc82ad-4a92-46dd-bc3c-b140009b57f4,Michael Curry,Lock,,
2024,e388ba4a-7faa-4cd9-8d36-b0f700ff74b2,Josh Kemeny,Loose Forward,,
2024,e65af581-481f-4b4b-91e3-b0f900c41b2e,Papillon Sevele,Loose Forward,,
2024,e73e758d-20fa-4304-8fb2-b0f900c2a649,Connor Vest,Lock,,
2024,e773ede4-985a-473d-8485-b0f700ffa19c,Tamati Tua,Midfielder,,
2024,ea14c8c0-c598-49e7-8cc1-b0f900c4377d,Tom Sanders,Loose Forward,,
2024,ec74cd31-11ba-4661-913a-b0f900c2932c,Max Hicks,Lock,,
2024,ed3b4b18-b3e8-4f9b-ac9f-b0f900c40357,Mason Gordon,Fly Half,,
2024,ef530848-e214-43b8-989d-b0f900c3d033,Fergus Lee-Warner,Loose Forward,,
2024,f1a0780a-3fce-4c21-b29d-b0f900c4192b,Otumaka Mausia,Outside Back,,
2024,f368195a-3a80-47ba-9af7-b0f700ff6b3f,Christian Leali'ifano,Fly Half,,
2024,f4515b5d-2b42-4eea-b5d6-b0f900c43aef,Viliami Fine,Outside Back,,
2024,f6c94a15-7d6a-411f-9a9f-b0f900c2b496,Pepesana Patafilo,Outside Back,,
2024,f74c0dff-94f5-4678-a896-b0f900c2b840,Gideon Wrampling,Midfielder,,
2024,f94427ee-f6bb-4d24-9e8a-b178011dd264,Hamilton Burr,Loose Forward,,
2024,f9a5ad7f-7ddc-4dd2-9240-b163012433a0,Hunter Ward,Loose Forward,,
2024,f9da16a4-3887-4463-87e9-b1400120fd86,Toby Arnold,Outside Back,,
2024,fa67b89c-98f0-4982-9fdb-b0f900c2ed01,Izack Rodda,Lock,,
2024,fb060246-f5f4-4f68-adc8-b0f900c406d7,Matt Whaanga,Midfielder,,
2024,fb61836b-3044-4845-937a-b0f900c2f7f4,Rob Rush,Loose Forward,,
2024,fbcc6eed-6cd4-48ee-a2d9-b0f700ff6315,Izaia Perese,Midfielder,,
2024,ff39978b-2166-4064-80fb-b0f900c2f9cd,Nikolai Foliaki,Midfielder,,
2025,0102717e-af2d-472c-849d-b25e014284b0,Jackson Ropata,Midfielder,,
2025,05cd7877-6bd6-4679-a759-b25e013e5be0,Manaaki Selby-Rickit,Lock,,
2025,0771933e-0350-44db-8274-b25e0141b121,Samuel Slade,Lock,,
2025,0d26a22a-3f45-4ca7-b9b4-b25e013f03db,Mason Gordon,Fly Half,,
2025,0f4f582b-63c5-4b30-8a0b-b25e0141b971,Michael Curry,Lock,,
2025,1406f13b-137e-4132-959d-b25d0166ff43,Harry Plummer,Fly Half,,
2025,147a5666-c4dd-46f0-8c94-b25d0166d916,Iosefo Masi,Midfielder,,
2025,1c5859bc-7e84-41d2-bff3-b25e0142e3a6,Sailosi Vukalokalo,Lock,,
2025,20a63e97-7f93-46fc-83ee-b25e0142c4a6,Mitchell Watts,Lock,,
2025,2217f5c4-5e57-4d46-a02a-b25e014370ee,Harry Vella,Loose Forward,,
2025,227ad373-1416-4d96-9baf-b2c1011f164e,Leone Nawai,Half Back,,
2025,2530abdf-c43b-4e8a-b511-b25d0166da7f,Mark Tele'a,Outside Back,,
2025,280cb096-0ff0-4953-bd8c-b25e013f429b,Cameron Suafoa,Loose Forward,,
2025,284f98f7-8d67-4cc5-9fbe-b25e0141f1ac,Ardie Savea,Loose Forward,,
2025,29d348a2-3516-4779-9932-b25e0142cdf3,Papillon Sevele,Loose Forward,,
2025,2c513787-7547-48d8-a8c6-b25e013e73b7,Ratu Rotuisolia,Lock,,
2025,2caab725-23eb-4b80-b56b-b25e01418e4d,James O'Connor,Fly Half,,
2025,2cced2bb-4eaf-4fc3-a91e-b25e013f576d,Vuate Karawalevu,Outside Back,,
2025,2f975486-20e5-40e9-8f39-b25e014293c2,Josh Thompson,Lock,,
2025,30b6f813-6b48-4910-a2e5-b2b30118270b,Matt Brice,Outside Back,,
2025,3519dbdf-f5ab-42d3-af97-b25e013e5284,Ajay Faleafaga,Fly Half,,
2025,37ccc971-bf5a-429c-8017-b25e013f4645,Nic White,Half Back,,
2025,381ca632-a913-4b96-9297-b25e013f7025,Iliesa Junior Ratuva,Outside Back,,
2025,38fcb265-175c-4943-9853-b25d01675370,Sione Havili Talitui,Loose Forward,,
2025,3c401f8a-f311-409e-9295-b25e013f7c0c,James Arscott,Half Back,,
2025,3d3ec158-b03a-4c54-9e3a-b25e01418b68,Neria Fomai,Outside Back,,
2025,3d6c8ef0-be98-4649-a23c-b25e013e0f80,Fergus Lee-Warner,Loose Forward,,
2025,44c7dfe8-5c4e-4136-b3dd-b25e014199f2,Matt Proctor,Midfielder,,
2025,480cecd5-13ca-4572-99d7-b25e0142a03f,Kaleb Trask,Fly Half,,
2025,48d8c75d-5ac0-4abe-8565-b29e0115611c,Coby Miln,Fly Half,,
2025,49b5e91c-0de5-4635-b1da-b25e0141bd65,Aisea Halo,Half Back,,
2025,49c922d0-17d3-4ee0-bd02-b25e0141db27,Hayden Michaels,Loose Forward,,
2025,4b54a271-80c7-4ad5-9da4-b25d01674d3f,Bryce Heem,Midfielder,,
2025,4ebc7a6e-febd-49c3-b5ee-b25e01436a78,Gideon Wrampling,Midfielder,,
2025,510b3571-e977-4511-8f83-b25e014366c9,Meihana Grindlay,Midfielder,,
2025,532d6bf9-3dac-40f7-8fe1-b25d0166eff4,Lotu Inisi,Loose Forward,,
2025,571c8637-c0e3-49c4-a0de-b25e013e4551,Peni Matawalu,Half Back,,
2025,57a4d9c1-8f58-4ba1-929b-b25e01429165,Josh Taula,Lock,,
2025,5bf6ad91-7283-49d5-9ae1-b25d0166dce5,Selestino Ravutaumada,Outside Back,,
2025,65315271-6e46-419d-a7bf-b25e013e78b2,Jack Grant,Half Back,,
2025,65d41937-6bd2-45d6-9a0b-b25e013f28c5,Waqa Nalaga,Midfielder,,
2025,65ff16b4-eb3c-45bb-bbd0-b25e01429966,Jude Gibbs,Fly Half,,
2025,67a281af-3556-4db6-85ea-b25e0142e911,Sio Tomkinson,Midfielder,,
2025,67d115b8-fa89-4fb7-a0fc-b25e01428c37,Joseph Suaalii,Midfielder,,
2025,68f513ab-ab7f-4db8-a5d1-b25d0167320e,Fine Inisi,Midfielder,,
2025,6c0a3c3b-8049-4434-9864-b2ba0110b13e,Taniela Filimone,Outside Back,,
2025,7242e634-2701-4327-bb0b-b25e013e1a57,Rieko Ioane,Midfielder,,
2025,72ddca88-fead-4597-868d-b25e0142c1a0,Michael Manson,Outside Back,,
2025,75a2afa5-dc42-445a-b66b-b25e013b0b1b,Rameka Poihipi,Midfielder,,
2025,76cbaad8-e7b3-41db-b530-b25e013f84da,Connor Vest,Lock,,
2025,79b563ce-a536-41e6-a562-b25e0141e35b,Ben O'Donnell,Outside Back,,
2025,7a73c9b6-511e-40a1-857e-b25e013f5109,Sam Carter,Lock,,
2025,86176774-0682-4a9e-80f9-b25e0142b565,Losilosivale Filipo,Outside Back,,
2025,8d68bb05-3318-4e97-b579-b25d0166fb79,Anton Lienert-Brown,Midfielder,,
2025,8dc88f7c-d4c6-4ca7-9fbc-b25d0166f65d,Shaun Stevenson,Outside Back,,
2025,8ee40aa7-7a8d-42d1-9580-b25d016739c8,Danny Toala,Midfielder,,
2025,8ee96ea1-faa1-4bc9-84e2-b25d0167575f,Len Ikitau,Midfielder,,
2025,8fe7970d-ccde-4438-a116-b25e013f5ffe,Harrison Goddard,Half Back,,
2025,92aa3696-e8de-46f8-b06e-b25e013b4433,Rob Leota,Loose Forward,,
2025,9368616c-8409-4143-8825-b25e0142b7f5,Lui Naeata,Loose Forward,,
2025,9385fb64-e610-4850-add1-b25e013e3416,Tom Hooper,Loose Forward,,
2025,9434d90c-5b01-48a4-a11c-b25d0166e0cb,Noah Lolesio,Fly Half,,
2025,944ac0c4-619b-4c4b-89d3-b25e013f5a80,Peter Umaga-Jensen,Midfielder,,
2025,96883a0d-7ea9-45b1-ae5c-b25e0142bece,Mesu Kunavula,Loose Forward,,
2025,96e40d0e-c613-4b6e-a135-b25e013f7fb1,Zach Gallagher,Lock,,
2025,9e2f9432-2cc1-499d-9d78-b25e013b53c8,Meli Derenalagi,Loose Forward,,
2025,a15b7138-29f5-4bfd-8a6a-b25e013f20bb,Te Ahiwaru Cirikidaveta,Lock,,
2025,a3802d44-5cef-488c-bc4e-b25e0142f111,Thomas Umaga-Jensen,Midfielder,,
2025,a5b1c4f8-c557-45e8-82c3-b2a50119c999,James Thompson,Lock,,
2025,a7cc3349-a831-414b-9c9a-b25e01421841,Fletcher Anderson,Loose Forward,,
2025,ab32ba03-c970-490b-bb2e-b25e0142f4fd,Tjay Clarke,Outside Back,,
2025,b29d2144-84f2-4430-bdd6-b25e0141e0ca,Henry O'Donnell,Midfielder,,
2025,b350c027-b4f9-4cb0-bf87-b25e013b30e2,Pepesana Patafilo,Outside Back,,
2025,b393525c-abde-4b98-89cc-b25d016734d7,Levi Aumua,Midfielder,,
2025,b93d39c7-4809-4810-bd2b-b25d01672bc6,Liam Wright,Loose Forward,,
2025,c2910404-6e91-4a66-9e75-b25e013f177c,Alamanda Motuga,Loose Forward,,
2025,c62f7cae-8285-4ba4-b3f2-b25e013e54f4,Adrian Choat,Loose Forward,,
2025,c7b7a907-4a57-4ad6-861e-b28700b7be59,Judah Qoro Saumaisue,Loose Forward,,
2025,cf66942f-b80d-438e-b8e2-b25d01675236,Reed Prinsep,Loose Forward,,
2025,d8458208-bb01-4c42-b95d-b25d0167335b,Ryan Smith,Lock,,
2025,d99bf229-e8d5-4a31-b4f8-b25e0141b64b,Caleb Muntz,Fly Half,,
2025,dddff5bb-a3d1-43dd-972e-b25e013e586a,Quinten Strange,Lock,,
2025,e074ca5a-b318-443a-a7dc-b25e013f8b69,Irie Papuni,Lock,,
2025,eb777f21-c327-4537-96f2-b25e013e30b3,Riley Hohepa,Fly Half,,
2025,f107d5af-15a4-498d-a815-b29701167aee,Felix Kalapu,Lock,,
2025,f956f05b-6cb6-47ed-b019-b25e013e4fa0,Tom Sanders,Loose Forward,,
2025,f9b8655b-0554-477a-994f-b25d016742d9,Tom Christie,Loose Forward,,
2025,fdf7d5ec-a816-4df8-a02f-b25e013e47ea,Hugh Sinclair,Loose Forward,,
2025,febed047-36a7-4b69-9350-b25d01672f7e,Langi Gleeson,Loose Forward,,
2025,ffa19da4-2f31-4971-bee2-b25d0166f7c1,Sam Gilbert,Midfielder,,
